{
  "Code Archaeologist": 1.8714715809034008,
  "Dependency Graph": 1.8529129600965195,
  "Maintainer Trust": -0.2235508394676533,
  "Behavioral Anomaly": -0.027663371969815637,
  "Semantic Intent": 2.029970425872887
}